actorName,movieTitle,awardStatus
Al Pacino,Scent of a Woman,Winner
Alan Arkin,Little Miss Sunshine,Winner
Alec Guinness,The Bridge on the River Kwai,Winner
Anjelica Huston,Prizzi's Honor,Winner
Anne Bancroft,The Miracle Worker,Winner
Anne Revere,National Velvet,Winner
Anthony Hopkins,The Silence of the Lambs,Winner
Anthony Hopkins,The Father,Winner
Anthony Quinn,Lust for Life,Winner
Anthony Quinn,Viva Zapata!,Winner
Audrey Hepburn,Roman Holiday,Winner
Ben Kingsley,Gandhi,Winner
Bette Davis,Jezebel,Winner
Bette Davis,Dangerous,Winner
Bing Crosby,Going My Way,Winner
Brad Pitt,Once Upon a Time in Hollywood,Winner
Burt Lancaster,Elmer Gantry,Winner
Cate Blanchett,The Aviator,Winner
Cate Blanchett,Blue Jasmine,Winner
Celeste Holm,Gentleman's Agreement,Winner
Charles Coburn,The More the Merrier,Winner
Charles Laughton,The Private Life of Henry VIII,Winner
Charlize Theron,Monster,Winner
Christian Bale,The Fighter,Winner
Christoph Waltz,Inglourious Basterds,Winner
Christoph Waltz,Django Unchained,Winner
Christopher Plummer,Beginners,Winner
Claire Trevor,Key Largo,Winner
Clark Gable,It Happened One Night,Winner
Claudette Colbert,It Happened One Night,Winner
Daniel Day-Lewis,There Will Be Blood,Winner
Daniel Day-Lewis,My Left Foot,Winner
Daniel Day-Lewis,Lincoln,Winner
Denzel Washington,Glory,Winner
Denzel Washington,Training Day,Winner
Diane Keaton,Annie Hall,Winner
Dianne Wiest,Hannah and Her Sisters,Winner
Dianne Wiest,Bullets over Broadway,Winner
Dustin Hoffman,Kramer vs. Kramer,Winner
Dustin Hoffman,Rain Man,Winner
Elizabeth Taylor,Who's Afraid of Virginia Woolf?,Winner
Elizabeth Taylor,Butterfield 8,Winner
Ellen Burstyn,Alice Doesn't Live Here Anymore,Winner
Emma Stone,La La Land,Winner
Emma Thompson,Howards End,Winner
Ethel Barrymore,None But the Lonely Heart,Winner
Fay Bainter,Jezebel,Winner
Faye Dunaway,Network,Winner
Frances McDormand,Nomadland,Winner
Frances McDormand,"Fargo,",Winner
Fredric March,Dr. Jekyll and Mr. Hyde,Winner
Fredric March,The Best Years of Our Lives,Winner
Gary Cooper,Sergeant York,Winner
Gary Cooper,High Noon,Winner
Gary Oldman,Darkest Hour,Winner
Gene Hackman,The French Connection,Winner
Gene Hackman,Unforgiven,Winner
Geoffrey Rush,Shine,Winner
George C. Scott,Patton,Winner
George Clooney,Syriana,Winner
Geraldine Page,The Trip to Bountiful,Winner
Gig Young,"They Shoot Horses, Don't They?",Winner
Glenda Jackson,Women in Love,Winner
Glenda Jackson,A Touch of Class,Winner
Greer Garson,Mrs. Miniver,Winner
Gregory Peck,To Kill a Mockingbird,Winner
Helen Hayes,The Sin of Madelon Claudet,Winner
Helen Hayes,Airport,Winner
Helen Mirren,The Queen,Winner
Hilary Swank,Million Dollar Baby,Winner
Hilary Swank,Boys Don't Cry,Winner
Holly Hunter,The Piano,Winner
Humphrey Bogart,The African Queen,Winner
Ingrid Bergman,Gaslight,Winner
Ingrid Bergman,Murder on the Orient Express,Winner
Ingrid Bergman,Anastasia,Winner
Jack Lemmon,Mister Roberts,Winner
Jack Lemmon,Save the Tiger,Winner
Jack Nicholson,As Good as It Gets,Winner
Jack Nicholson,One Flew over the Cuckoo's Nest,Winner
Jack Nicholson,Terms of Endearment,Winner
Jack Palance,City Slickers,Winner
James Cagney,Yankee Doodle Dandy,Winner
James Stewart,The Philadelphia Story,Winner
Jane Fonda,Coming Home,Winner
Jane Fonda,Klute,Winner
Jane Wyman,Johnny Belinda,Winner
Jason Robards,Julia,Winner
Jason Robards,All the President's Men,Winner
Javier Bardem,No Country for Old Men,Winner
Jeff Bridges,Crazy Heart,Winner
Jennifer Jones,The Song of Bernadette,Winner
Jennifer Lawrence,Silver Linings Playbook,Winner
Jessica Chastain,The Eyes of Tammy Faye,Winner
Jessica Lange,Blue Sky,Winner
Jessica Lange,Tootsie,Winner
Joan Crawford,Mildred Pierce,Winner
Joan Fontaine,Suspicion,Winner
Joanne Woodward,The Three Faces of Eve,Winner
Joaquin Phoenix,Joker,Winner
Jodie Foster,The Accused,Winner
Jodie Foster,The Silence of the Lambs,Winner
Joe Pesci,Goodfellas,Winner
Jon Voight,Coming Home,Winner
José Ferrer,Cyrano de Bergerac,Winner
Judi Dench,Shakespeare in Love,Winner
Julia Roberts,Erin Brockovich,Winner
Julianne Moore,Still Alice,Winner
Julie Andrews,Mary Poppins,Winner
Julie Christie,Darling,Winner
Kate Winslet,The Reader,Winner
Katharine Hepburn,Guess Who's Coming to Dinner,Winner
Katharine Hepburn,Morning Glory,Winner
Katharine Hepburn,On Golden Pond,Winner
Katharine Hepburn,The Lion in Winter,Winner
Kathy Bates,Misery,Winner
Kevin Spacey,The Usual Suspects,Winner
Kevin Spacey,American Beauty,Winner
Laura Dern,Marriage Story,Winner
Laurence Olivier,Hamlet,Winner
Lee Grant,Shampoo,Winner
Leonardo DiCaprio,The Revenant,Winner
Luise Rainer,The Good Earth,Winner
Luise Rainer,The Great Ziegfeld,Winner
Maggie Smith,The Prime of Miss Jean Brodie,Winner
Maggie Smith,California Suite,Winner
Mahershala Ali,Moonlight,Winner
Mahershala Ali,Green Book,Winner
Marisa Tomei,My Cousin Vinny,Winner
Marlon Brando,The Godfather,Winner
Marlon Brando,On the Waterfront,Winner
Martin Landau,Ed Wood,Winner
Maureen Stapleton,Reds,Winner
Maximilian Schell,Judgment at Nuremberg,Winner
Melvyn Douglas,Being There,Winner
Melvyn Douglas,Hud,Winner
Meryl Streep,Kramer vs. Kramer,Winner
Meryl Streep,The Iron Lady,Winner
Meryl Streep,Sophie's Choice,Winner
Michael Caine,The Cider House Rules,Winner
Michael Caine,Hannah and Her Sisters,Winner
Morgan Freeman,Million Dollar Baby,Winner
Natalie Portman,Black Swan,Winner
Nicole Kidman,The Hours,Winner
Norma Shearer,The Divorcee,Winner
Octavia Spencer,The Help,Winner
Olivia Colman,The Favourite,Winner
Olivia de Havilland,The Heiress,Winner
Olivia de Havilland,To Each His Own,Winner
Paul Muni,The Story of Louis Pasteur,Winner
Paul Newman,The Color of Money,Winner
Penelope Cruz,Vicky Cristina Barcelona,Winner
Peter Ustinov,Topkapi,Winner
Peter Ustinov,Spartacus,Winner
Philip Seymour Hoffman,Capote,Winner
Renée Zellweger,Judy,Winner
Renée Zellweger,Cold Mountain,Winner
Robert De Niro,The Godfather Part II,Winner
Robert De Niro,Raging Bull,Winner
Robert Duvall,Tender Mercies,Winner
Robin Williams,Good Will Hunting,Winner
Rod Steiger,In the Heat of the Night,Winner
Ronald Colman,A Double Life,Winner
Russell Crowe,Gladiator,Winner
Sally Field,Places in the Heart,Winner
Sally Field,Norma Rae,Winner
Sean Penn,Milk,Winner
Sean Penn,Mystic River,Winner
Shelley Winters,The Diary of Anne Frank,Winner
Shelley Winters,A Patch of Blue,Winner
Shirley MacLaine,Terms of Endearment,Winner
Sissy Spacek,Coal Miner's Daughter,Winner
Spencer Tracy,Boys Town,Winner
Spencer Tracy,Captains Courageous,Winner
Susan Hayward,I Want to Live!,Winner
Susan Sarandon,Dead Man Walking,Winner
Teresa Wright,Mrs. Miniver,Winner
Tom Hanks,Forrest Gump,Winner
Tom Hanks,Philadelphia,Winner
Tommy Lee Jones,The Fugitive,Winner
Vanessa Redgrave,Julia,Winner
Viola Davis,Fences,Winner
Vivien Leigh,Gone with the Wind,Winner
Vivien Leigh,A Streetcar Named Desire,Winner
Walter Brennan,The Westerner,Winner
Walter Brennan,Come and Get It,Winner
Walter Brennan,Kentucky,Winner
Walter Huston,The Treasure of the Sierra Madre,Winner
Walter Matthau,The Fortune Cookie,Winner
Wendy Hiller,Separate Tables,Winner
Will Smith,King Richard,Winner
William Holden,Stalag 17,Winner
William Hurt,Kiss of the Spider Woman,Winner
Adam Driver,BlacKkKlansman,Nominee
Adam Driver,Marriage Story,Nominee
Akim Tamiroff,The General Died at Dawn,Nominee
Akim Tamiroff,For Whom the Bell Tolls,Nominee
Al Pacino,The Godfather Part II,Nominee
Al Pacino,Glengarry Glen Ross,Nominee
Al Pacino,The Irishman,Nominee
Al Pacino,Serpico,Nominee
Al Pacino,The Godfather,Nominee
Al Pacino,Dog Day Afternoon,Nominee
Al Pacino,Scent of a Woman,Nominee
Al Pacino,...And Justice for All,Nominee
Al Pacino,Dick Tracy,Nominee
Alan Arkin,Little Miss Sunshine,Nominee
Alan Arkin,"The Russians Are Coming, the Russians Are Coming",Nominee
Alan Arkin,Argo,Nominee
Alan Arkin,The Heart Is a Lonely Hunter,Nominee
Albert Finney,Murder on the Orient Express,Nominee
Albert Finney,The Dresser,Nominee
Albert Finney,Under the Volcano,Nominee
Albert Finney,Tom Jones,Nominee
Albert Finney,Erin Brockovich,Nominee
Alec Guinness,The Lavender Hill Mob,Nominee
Alec Guinness,Little Dorrit,Nominee
Alec Guinness,Star Wars,Nominee
Alec Guinness,The Bridge on the River Kwai,Nominee
Andrew Garfield,Hacksaw Ridge,Nominee
Andrew Garfield,"Tick, Tick... Boom!",Nominee
Anthony Hopkins,The Father,Nominee
Anthony Hopkins,The Remains of the Day,Nominee
Anthony Hopkins,The Silence of the Lambs,Nominee
Anthony Hopkins,The Two Popes,Nominee
Anthony Hopkins,Nixon,Nominee
Anthony Hopkins,Amistad,Nominee
Anthony Quinn,Zorba the Greek,Nominee
Anthony Quinn,Lust for Life,Nominee
Anthony Quinn,Viva Zapata!,Nominee
Anthony Quinn,Wild is the Wind,Nominee
Arthur Kennedy,Peyton Place,Nominee
Arthur Kennedy,Bright Victory,Nominee
Arthur Kennedy,Some Came Running,Nominee
Arthur Kennedy,Trial,Nominee
Arthur Kennedy,Champion,Nominee
Arthur O'Connell,Anatomy of a Murder,Nominee
Arthur O'Connell,Picnic,Nominee
Basil Rathbone,Romeo and Juliet,Nominee
Basil Rathbone,If I Were King,Nominee
Ben Kingsley,Bugsy,Nominee
Ben Kingsley,Sexy Beast,Nominee
Ben Kingsley,Gandhi,Nominee
Ben Kingsley,House of Sand and Fog,Nominee
Benedict Cumberbatch,The Power of the Dog,Nominee
Benedict Cumberbatch,The Imitation Game,Nominee
Benicio del Toro,Traffic,Nominee
Benicio del Toro,21 Grams,Nominee
Billy Bob Thornton,A Simple Plan,Nominee
Billy Bob Thornton,Sling Blade,Nominee
Bing Crosby,The Bells of St. Mary's,Nominee
Bing Crosby,Going My Way,Nominee
Bing Crosby,The Country Girl,Nominee
Brad Pitt,Once Upon a Time in Hollywood,Nominee
Brad Pitt,The Curious Case of Benjamin Button,Nominee
Brad Pitt,12 Monkeys,Nominee
Brad Pitt,Moneyball,Nominee
Bradley Cooper,Silver Linings Playbook,Nominee
Bradley Cooper,American Hustle,Nominee
Bradley Cooper,A Star Is Born,Nominee
Bradley Cooper,American Sniper,Nominee
Bruce Dern,Coming Home,Nominee
Bruce Dern,Nebraska,Nominee
Burgess Meredith,Rocky,Nominee
Burgess Meredith,The Day of the Locust,Nominee
Burt Lancaster,Birdman of Alcatraz,Nominee
Burt Lancaster,Atlantic City,Nominee
Burt Lancaster,Elmer Gantry,Nominee
Burt Lancaster,From Here to Eternity,Nominee
Cary Grant,None but the Lonely Heart,Nominee
Cary Grant,Penny Serenade,Nominee
Casey Affleck,The Assassination of Jesse James by the Coward Robert Ford,Nominee
Casey Affleck,Manchester by the Sea,Nominee
Cecil Kellaway,Guess Who's Coming to Dinner,Nominee
Cecil Kellaway,The Luck of the Irish,Nominee
Charles Bickford,The Song of Bernadette,Nominee
Charles Bickford,Johnny Belinda,Nominee
Charles Bickford,Farmer's Daughter,Nominee
Charles Boyer,Gaslight,Nominee
Charles Boyer,Fanny,Nominee
Charles Boyer,Algiers,Nominee
Charles Boyer,Conquest,Nominee
Charles Coburn,The Green Years,Nominee
Charles Coburn,The Devil and Miss Jones,Nominee
Charles Coburn,The More the Merrier,Nominee
Charles Durning,To Be or Not to Be,Nominee
Charles Durning,The Best Little Whorehouse in Texas,Nominee
Charles Laughton,The Private Life of Henry VIII,Nominee
Charles Laughton,Witness for the Prosecution,Nominee
Charles Laughton,Mutiny on the Bounty,Nominee
Charlie Chaplin,The Circus,Nominee
Charlie Chaplin,The Great Dictator,Nominee
Christian Bale,The Big Short,Nominee
Christian Bale,American Hustle,Nominee
Christian Bale,Vice,Nominee
Christian Bale,The Fighter,Nominee
Christoph Waltz,Inglourious Basterds,Nominee
Christoph Waltz,Django Unchained,Nominee
Christopher Plummer,All the Money in the World,Nominee
Christopher Plummer,Beginners,Nominee
Christopher Plummer,The Last Station,Nominee
Christopher Walken,Catch Me If You Can,Nominee
Christopher Walken,The Deer Hunter,Nominee
Clark Gable,Gone with the Wind,Nominee
Clark Gable,It Happened One Night,Nominee
Clark Gable,Mutiny on the Bounty,Nominee
Claude Rains,Notorious,Nominee
Claude Rains,Mr. Skeffington,Nominee
Claude Rains,Mr. Smith Goes to Washington,Nominee
Claude Rains,Casablanca,Nominee
Clifton Webb,Laura,Nominee
Clifton Webb,The Razor's Edge,Nominee
Clifton Webb,Sitting Pretty,Nominee
Clint Eastwood,Unforgiven,Nominee
Clint Eastwood,Million Dollar Baby,Nominee
Colin Firth,The King's Speech,Nominee
Colin Firth,A Single Man,Nominee
Daniel Day-Lewis,Phantom Thread,Nominee
Daniel Day-Lewis,There Will Be Blood,Nominee
Daniel Day-Lewis,In the Name of the Father,Nominee
Daniel Day-Lewis,My Left Foot,Nominee
Daniel Day-Lewis,Lincoln,Nominee
Daniel Day-Lewis,Gangs of New York,Nominee
Daniel Kaluuya,Get Out,Nominee
Daniel Kaluuya,Judas and the Black Messiah,Nominee
Denzel Washington,The Tragedy of Macbeth,Nominee
Denzel Washington,Fences,Nominee
Denzel Washington,Flight,Nominee
Denzel Washington,"Roman J. Israel, Esq.",Nominee
Denzel Washington,Malcolm X,Nominee
Denzel Washington,Training Day,Nominee
Denzel Washington,Cry Freedom,Nominee
Denzel Washington,Glory,Nominee
Denzel Washington,The Hurricane,Nominee
Djimon Hounsou,In America,Nominee
Djimon Hounsou,Blood Diamond,Nominee
Dustin Hoffman,Tootsie,Nominee
Dustin Hoffman,Midnight Cowboy,Nominee
Dustin Hoffman,The Graduate,Nominee
Dustin Hoffman,Wag the Dog,Nominee
Dustin Hoffman,Rain Man,Nominee
Dustin Hoffman,Kramer vs. Kramer,Nominee
Dustin Hoffman,Lenny,Nominee
Ed Harris,Pollock,Nominee
Ed Harris,Apollo 13,Nominee
Ed Harris,The Truman Show,Nominee
Ed Harris,The Hours,Nominee
Eddie Albert,The Heartbreak Kid,Nominee
Eddie Albert,Roman Holiday,Nominee
Eddie Redmayne,The Danish Girl,Nominee
Eddie Redmayne,The Theory of Everything,Nominee
Edmond O'Brien,The Barefoot Contessa,Nominee
Edmond O'Brien,Seven Days in May,Nominee
Edmund Gwenn,Mister 880,Nominee
Edmund Gwenn,Miracle on 34th Street,Nominee
Edward Norton,Primal Fear,Nominee
Edward Norton,Birdman,Nominee
Edward Norton,American History X,Nominee
Ethan Hawke,Boyhood,Nominee
Ethan Hawke,Training Day,Nominee
Frank Sinatra,The Man with the Golden Arm,Nominee
Frank Sinatra,From Here to Eternity,Nominee
Fredric March,Death of a Salesman,Nominee
Fredric March,A Star Is Born,Nominee
Fredric March,The Best Years of Our Lives,Nominee
Fredric March,The Royal Family of Broadway,Nominee
Fredric March,Dr. Jekyll and Mr. Hyde,Nominee
Gary Cooper,High Noon,Nominee
Gary Cooper,The Pride of the Yankees,Nominee
Gary Cooper,For Whom the Bell Tolls,Nominee
Gary Cooper,Sergeant York,Nominee
Gary Cooper,Mr. Deeds Goes to Town,Nominee
Gary Oldman,Darkest Hour,Nominee
Gary Oldman,Tinker Tailor Soldier Spy,Nominee
Gary Oldman,Mank,Nominee
Gene Hackman,The French Connection,Nominee
Gene Hackman,Unforgiven,Nominee
Gene Hackman,I Never Sang for My Father,Nominee
Gene Hackman,Bonnie and Clyde,Nominee
Gene Hackman,Mississippi Burning,Nominee
Geoffrey Rush,Shine,Nominee
Geoffrey Rush,Quills,Nominee
Geoffrey Rush,The King's Speech,Nominee
Geoffrey Rush,Shakespeare in Love,Nominee
George C. Scott,Anatomy of a Murder,Nominee
George C. Scott,Patton,Nominee
George C. Scott,The Hospital,Nominee
George C. Scott,The Hustler,Nominee
George Clooney,The Descendants,Nominee
George Clooney,Syriana,Nominee
George Clooney,Michael Clayton,Nominee
George Clooney,Up in the Air,Nominee
Gig Young,Teacher's Pet,Nominee
Gig Young,"They Shoot Horses, Don't They?",Nominee
Gig Young,Come Fill the Cup,Nominee
Gregory Peck,The Yearling,Nominee
Gregory Peck,The Keys of the Kingdom,Nominee
Gregory Peck,To Kill a Mockingbird,Nominee
Gregory Peck,Gentleman's Agreement,Nominee
Gregory Peck,Twelve O'Clock High,Nominee
Heath Ledger,The Dark Knight,Nominee
Heath Ledger,Brokeback Mountain,Nominee
Henry Fonda,On Golden Pond,Nominee
Henry Fonda,The Grapes of Wrath,Nominee
Hugh Griffith,Tom Jones,Nominee
Hugh Griffith,Ben-Hur,Nominee
Humphrey Bogart,Casablanca,Nominee
Humphrey Bogart,The African Queen,Nominee
Humphrey Bogart,The Caine Mutiny,Nominee
Ian McKellen,The Lord of the Rings: The Fellowship of the Ring,Nominee
Ian McKellen,Gods and Monsters,Nominee
J. K. Simmons,Being the Ricardos,Nominee
J. K. Simmons,Whiplash,Nominee
Jack Lemmon,Missing,Nominee
Jack Lemmon,Tribute,Nominee
Jack Lemmon,The Apartment,Nominee
Jack Lemmon,The China Syndrome,Nominee
Jack Lemmon,Save the Tiger,Nominee
Jack Lemmon,Mister Roberts,Nominee
Jack Lemmon,Some Like It Hot,Nominee
Jack Lemmon,Days of Wine and Roses,Nominee
Jack Nicholson,Terms of Endearment,Nominee
Jack Nicholson,Easy Rider,Nominee
Jack Nicholson,A Few Good Men,Nominee
Jack Nicholson,Reds,Nominee
Jack Nicholson,Ironweed,Nominee
Jack Nicholson,The Last Detail,Nominee
Jack Nicholson,As Good as it Gets,Nominee
Jack Nicholson,About Schmidt,Nominee
Jack Nicholson,Five Easy Pieces,Nominee
Jack Nicholson,Chinatown,Nominee
Jack Nicholson,Prizzi's Honor,Nominee
Jack Nicholson,One Flew Over the Cuckoo's Nest,Nominee
Jack Palance,City Slickers,Nominee
Jack Palance,Sudden Fear,Nominee
Jack Palance,Shane,Nominee
Jack Warden,Shampoo,Nominee
Jack Warden,Heaven Can Wait,Nominee
James Cagney,Angels with Dirty Faces,Nominee
James Cagney,Yankee Doodle Dandy,Nominee
James Cagney,Love Me or Leave Me,Nominee
James Dean,East of Eden,Nominee
James Dean,Giant,Nominee
James Mason,A Star Is Born,Nominee
James Mason,Georgy Girl,Nominee
James Mason,The Verdict,Nominee
James Stewart,Anatomy of a Murder,Nominee
James Stewart,Mr. Smith Goes to Washington,Nominee
James Stewart,Harvey,Nominee
James Stewart,The Philadelphia Story,Nominee
James Stewart,It's a Wonderful Life,Nominee
James Whitmore,"Give 'em Hell, Harry!",Nominee
James Whitmore,Battleground,Nominee
James Woods,Salvador,Nominee
James Woods,Ghosts of Mississippi,Nominee
Jamie Foxx,Collateral,Nominee
Jamie Foxx,Ray,Nominee
Jason Robards,Julia,Nominee
Jason Robards,Melvin and Howard,Nominee
Jason Robards,All the President's Men,Nominee
Javier Bardem,Biutiful,Nominee
Javier Bardem,Being the Ricardos,Nominee
Javier Bardem,Before Night Falls,Nominee
Javier Bardem,No Country for Old Men,Nominee
Jeff Bridges,The Last Picture Show,Nominee
Jeff Bridges,True Grit,Nominee
Jeff Bridges,Starman,Nominee
Jeff Bridges,Thunderbolt and Lightfoot,Nominee
Jeff Bridges,Crazy Heart,Nominee
Jeff Bridges,The Contender,Nominee
Jeff Bridges,Hell or High Water,Nominee
Jeremy Renner,The Town,Nominee
Jeremy Renner,The Hurt Locker,Nominee
Joaquin Phoenix,Walk the Line,Nominee
Joaquin Phoenix,Gladiator,Nominee
Joaquin Phoenix,The Master,Nominee
Joaquin Phoenix,Joker,Nominee
Joe Pesci,Raging Bull,Nominee
Joe Pesci,Goodfellas,Nominee
Joe Pesci,The Irishman,Nominee
John Gielgud,Becket,Nominee
John Gielgud,Arthur,Nominee
John Hurt,Midnight Express,Nominee
John Lithgow,The World According to Garp,Nominee
John Lithgow,Terms of Endearment,Nominee
John Malkovich,In the Line of Fire,Nominee
John Malkovich,Places in the Heart,Nominee
John Travolta,Pulp Fiction,Nominee
John Travolta,Saturday Night Fever,Nominee
John Wayne,True Grit,Nominee
John Wayne,Sands of Iwo Jima,Nominee
Johnny Depp,Finding Neverland,Nominee
Johnny Depp,Pirates of the Caribbean: The Curse of the Black Pearl,Nominee
Johnny Depp,Sweeney Todd: The Demon Barber of Fleet Street,Nominee
Jon Voight,Runaway Train,Nominee
Jon Voight,Coming Home,Nominee
Jon Voight,Midnight Cowboy,Nominee
Jon Voight,Ali,Nominee
Jonah Hill,Moneyball,Nominee
Jonah Hill,The Wolf of Wall Street,Nominee
Jose Ferrer,,Nominee
Jose Ferrer,Cyrano de Bergerac,Nominee
Jose Ferrer,Moulin Rouge,Nominee
Jude Law,Cold Mountain,Nominee
Jude Law,The Talented Mr. Ripley,Nominee
Karl Malden,A Streetcar Named Desire,Nominee
Karl Malden,On the Waterfront,Nominee
Kenneth Branagh,Henry V,Nominee
Kenneth Branagh,My Week with Marilyn,Nominee
Kevin Spacey,The Usual Suspects,Nominee
Kevin Spacey,American Beauty,Nominee
Kirk Douglas,The Bad and the Beautiful,Nominee
Kirk Douglas,Lust for Life,Nominee
Kirk Douglas,Champion,Nominee
Laurence Olivier,Sleuth,Nominee
Laurence Olivier,Hamlet,Nominee
Laurence Olivier,The Boys from Brazil,Nominee
Laurence Olivier,Richard III,Nominee
Laurence Olivier,Marathon Man,Nominee
Laurence Olivier,Wuthering Heights,Nominee
Laurence Olivier,The Entertainer,Nominee
Laurence Olivier,Rebecca,Nominee
Laurence Olivier,Othello,Nominee
Laurence Olivier,Henry V,Nominee
Lee J. Cobb,The Brothers Karamazov,Nominee
Lee J. Cobb,On the Waterfront,Nominee
Leonardo DiCaprio,The Wolf of Wall Street,Nominee
Leonardo DiCaprio,The Revenant,Nominee
Leonardo DiCaprio,The Aviator,Nominee
Leonardo DiCaprio,What's Eating Gilbert Grape,Nominee
Leonardo DiCaprio,Once Upon a Time in Hollywood,Nominee
Leonardo DiCaprio,Blood Diamond,Nominee
Leslie Howard,Berkeley Square,Nominee
Leslie Howard,Pygmalion,Nominee
Mahershala Ali,Green Book,Nominee
Mahershala Ali,Moonlight,Nominee
Marcello Mastroianni,Divorce Italian Style,Nominee
Marcello Mastroianni,Dark Eyes,Nominee
Marcello Mastroianni,A Special Day,Nominee
Mark Ruffalo,The Kids Are All Right,Nominee
Mark Ruffalo,Foxcatcher,Nominee
Mark Ruffalo,Spotlight,Nominee
Marlon Brando,Last Tango in Paris,Nominee
Marlon Brando,A Streetcar Named Desire,Nominee
Marlon Brando,Viva Zapata!,Nominee
Marlon Brando,On the Waterfront,Nominee
Marlon Brando,Sayonara,Nominee
Marlon Brando,The Godfather,Nominee
Marlon Brando,A Dry White Season,Nominee
Marlon Brando,Julius Caesar,Nominee
Martin Landau,Ed Wood,Nominee
Martin Landau,Crimes and Misdemeanors,Nominee
Martin Landau,Tucker: The Man and His Dream,Nominee
Matt Damon,Good Will Hunting,Nominee
Matt Damon,The Martian,Nominee
Matt Damon,Invictus,Nominee
Max von Sydow,Extremely Loud and Incredibly Close,Nominee
Max von Sydow,Pelle the Conqueror,Nominee
Maximilian Schell,Judgment at Nuremberg,Nominee
Maximilian Schell,The Man in the Glass Booth,Nominee
Maximilian Schell,Julia,Nominee
Melvyn Douglas,Hud,Nominee
Melvyn Douglas,Being There,Nominee
Melvyn Douglas,I Never Sang for My Father,Nominee
Michael Caine,Alfie,Nominee
Michael Caine,The Quiet American,Nominee
Michael Caine,Educating Rita,Nominee
Michael Caine,Sleuth,Nominee
Michael Caine,The Cider House Rules,Nominee
Michael Caine,Hannah and Her Sisters,Nominee
Michael Fassbender,Steve Jobs,Nominee
Michael Fassbender,12 Years a Slave,Nominee
Michael Shannon,Revolutionary Road,Nominee
Michael Shannon,Nocturnal Animals,Nominee
Mickey Rooney,The Bold and the Brave,Nominee
Mickey Rooney,The Black Stallion,Nominee
Mickey Rooney,Babes in Arms,Nominee
Mickey Rooney,The Human Comedy,Nominee
Montgomery Clift,A Place in the Sun,Nominee
Montgomery Clift,From Here to Eternity,Nominee
Montgomery Clift,Judgment at Nuremberg,Nominee
Montgomery Clift,The Search,Nominee
Morgan Freeman,The Shawshank Redemption,Nominee
Morgan Freeman,Street Smart,Nominee
Morgan Freeman,Million Dollar Baby,Nominee
Morgan Freeman,Driving Miss Daisy,Nominee
Morgan Freeman,Invictus,Nominee
Nick Nolte,Warrior,Nominee
Nick Nolte,Affliction,Nominee
Nick Nolte,The Prince of Tides,Nominee
Nicolas Cage,Leaving Las Vegas,Nominee
Nicolas Cage,Adaptation,Nominee
Paul Muni,The Last Angry Man,Nominee
Paul Muni,The Life of Emile Zola,Nominee
Paul Muni,The Valiant,Nominee
Paul Muni,The Story of Louis Pasteur,Nominee
Paul Muni,I Am a Fugitive from a Chain Gang,Nominee
Paul Newman,Cool Hand Luke,Nominee
Paul Newman,Cat on a Hot Tin Roof,Nominee
Paul Newman,Hud,Nominee
Paul Newman,The Hustler,Nominee
Paul Newman,Nobody's Fool,Nominee
Paul Newman,The Color of Money,Nominee
Paul Newman,Absence of Malice,Nominee
Paul Newman,Road to Perdition,Nominee
Paul Newman,The Verdict,Nominee
Paul Scofield,A Man for All Seasons,Nominee
Paul Scofield,Quiz Show,Nominee
Peter Falk,Pocketful of Miracles,Nominee
Peter Falk,"Murder, Inc.",Nominee
Peter Finch,Network,Nominee
Peter Finch,Sunday Bloody Sunday,Nominee
Peter O'Toole,Venus,Nominee
Peter O'Toole,The Ruling Class,Nominee
Peter O'Toole,The Stunt Man,Nominee
Peter O'Toole,"Goodbye, Mr. Chips",Nominee
Peter O'Toole,Becket,Nominee
Peter O'Toole,My Favorite Year,Nominee
Peter O'Toole,The Lion in Winter,Nominee
Peter O'Toole,Lawrence of Arabia,Nominee
Peter Sellers,Being There,Nominee
Peter Sellers,Dr. Strangelove or: How I Learned to Stop Worrying and Love the Bomb,Nominee
Peter Ustinov,Topkapi,Nominee
Peter Ustinov,Quo Vadis,Nominee
Peter Ustinov,Spartacus,Nominee
Philip Seymour Hoffman,Capote,Nominee
Philip Seymour Hoffman,The Master,Nominee
Philip Seymour Hoffman,Doubt,Nominee
Philip Seymour Hoffman,Charlie Wilson's War,Nominee
Ralph Fiennes,Schindler's List,Nominee
Ralph Fiennes,The English Patient,Nominee
Ralph Richardson,The Heiress,Nominee
Ralph Richardson,"Greystoke: The Legend of Tarzan, Lord of the Apes",Nominee
Rex Harrison,Cleopatra,Nominee
Rex Harrison,My Fair Lady,Nominee
Richard Burton,Anne of the Thousand Days,Nominee
Richard Burton,The Spy Who Came in from the Cold,Nominee
Richard Burton,My Cousin Rachel,Nominee
Richard Burton,Becket,Nominee
Richard Burton,,Nominee
Richard Burton,Equus,Nominee
Richard Burton,The Robe,Nominee
Richard Burton,Who's Afraid of Virginia Woolf?,Nominee
Richard Dreyfuss,Mr. Holland's Opus,Nominee
Richard Dreyfuss,The Goodbye Girl,Nominee
Richard Farnsworth,The Straight Story,Nominee
Richard Farnsworth,Comes a Horseman,Nominee
Richard Harris,The Field,Nominee
Richard Harris,This Sporting Life,Nominee
Richard Jenkins,The Visitor,Nominee
Richard Jenkins,The Shape of Water,Nominee
Robert De Niro,The Godfather Part II,Nominee
Robert De Niro,Cape Fear,Nominee
Robert De Niro,Raging Bull,Nominee
Robert De Niro,Silver Linings Playbook,Nominee
Robert De Niro,Awakenings,Nominee
Robert De Niro,The Deer Hunter,Nominee
Robert De Niro,Taxi Driver,Nominee
Robert Downey Jr.,Tropic Thunder,Nominee
Robert Downey Jr.,Chaplin,Nominee
Robert Duvall,A Civil Action,Nominee
Robert Duvall,The Godfather,Nominee
Robert Duvall,Tender Mercies,Nominee
Robert Duvall,The Judge,Nominee
Robert Duvall,The Great Santini,Nominee
Robert Duvall,Apocalypse Now,Nominee
Robert Duvall,The Apostle,Nominee
Robert Montgomery,Here Comes Mr. Jordan,Nominee
Robert Montgomery,Night Must Fall,Nominee
Robin Williams,Good Will Hunting,Nominee
Robin Williams,Dead Poets Society,Nominee
Robin Williams,The Fisher King,Nominee
Robin Williams,"Good Morning, Vietnam",Nominee
Rod Steiger,In the Heat of the Night,Nominee
Rod Steiger,The Pawnbroker,Nominee
Rod Steiger,On the Waterfront,Nominee
Ronald Colman,A Double Life,Nominee
Ronald Colman,"Bulldog Drummond / Condemned,",Nominee
Roy Scheider,The French Connection,Nominee
Roy Scheider,All That Jazz,Nominee
Russell Crowe,The Insider,Nominee
Russell Crowe,A Beautiful Mind,Nominee
Russell Crowe,Gladiator,Nominee
Ryan Gosling,La La Land,Nominee
Ryan Gosling,Half Nelson,Nominee
Sal Mineo,Rebel Without a Cause,Nominee
Sal Mineo,Exodus,Nominee
Sam Rockwell,"Three Billboards Outside Ebbing, Missouri",Nominee
Sam Rockwell,Vice,Nominee
Sean Penn,Milk,Nominee
Sean Penn,Sweet and Lowdown,Nominee
Sean Penn,Dead Man Walking,Nominee
Sean Penn,I Am Sam,Nominee
Sean Penn,Mystic River,Nominee
Sidney Poitier,The Defiant Ones,Nominee
Sidney Poitier,Lilies of the Field,Nominee
Spencer Tracy,The Old Man and the Sea,Nominee
Spencer Tracy,Inherit the Wind,Nominee
Spencer Tracy,Guess Who's Coming to Dinner,Nominee
Spencer Tracy,Judgment at Nuremberg,Nominee
Spencer Tracy,Father of the Bride,Nominee
Spencer Tracy,Captains Courageous,Nominee
Spencer Tracy,Boys Town,Nominee
Spencer Tracy,San Francisco,Nominee
Spencer Tracy,Bad Day at Black Rock,Nominee
Sylvester Stallone,Rocky,Nominee
Sylvester Stallone,Creed,Nominee
Thomas Mitchell,Stagecoach,Nominee
Thomas Mitchell,The Hurricane,Nominee
Tom Courtenay,The Dresser,Nominee
Tom Courtenay,Doctor Zhivago,Nominee
Tom Cruise,Born on the Fourth of July,Nominee
Tom Cruise,Magnolia,Nominee
Tom Cruise,Jerry Maguire,Nominee
Tom Hanks,Big,Nominee
Tom Hanks,A Beautiful Day in the Neighborhood,Nominee
Tom Hanks,Philadelphia,Nominee
Tom Hanks,Cast Away,Nominee
Tom Hanks,Saving Private Ryan,Nominee
Tom Hanks,Forrest Gump,Nominee
Tom Wilkinson,Michael Clayton,Nominee
Tom Wilkinson,In the Bedroom,Nominee
Tommy Lee Jones,The Fugitive,Nominee
Tommy Lee Jones,Lincoln,Nominee
Tommy Lee Jones,JFK,Nominee
Tommy Lee Jones,In the Valley of Elah,Nominee
Victor McLaglen,The Informer,Nominee
Victor McLaglen,The Quiet Man,Nominee
Viggo Mortensen,Captain Fantastic,Nominee
Viggo Mortensen,Eastern Promises,Nominee
Viggo Mortensen,Green Book,Nominee
Vincent Gardenia,Moonstruck,Nominee
Vincent Gardenia,Bang the Drum Slowly,Nominee
Walter Brennan,Come and Get It,Nominee
Walter Brennan,Kentucky,Nominee
Walter Brennan,The Westerner,Nominee
Walter Brennan,Sergeant York,Nominee
Walter Huston,Dodsworth,Nominee
Walter Huston,The Devil and Daniel Webster,Nominee
Walter Huston,The Treasure of the Sierra Madre,Nominee
Walter Huston,Yankee Doodle Dandy,Nominee
Walter Matthau,The Fortune Cookie,Nominee
Walter Matthau,Kotch,Nominee
Walter Matthau,The Sunshine Boys,Nominee
Walter Pidgeon,Mrs. Miniver,Nominee
Walter Pidgeon,Madame Curie,Nominee
Warren Beatty,Heaven Can Wait,Nominee
Warren Beatty,Reds,Nominee
Warren Beatty,Bugsy,Nominee
Warren Beatty,Bonnie and Clyde,Nominee
Will Smith,Ali,Nominee
Will Smith,King Richard,Nominee
Will Smith,The Pursuit of Happyness,Nominee
Willem Dafoe,At Eternity's Gate,Nominee
Willem Dafoe,Platoon,Nominee
Willem Dafoe,The Florida Project,Nominee
Willem Dafoe,Shadow of the Vampire,Nominee
William Holden,Stalag 17,Nominee
William Holden,Network,Nominee
William Holden,Sunset Boulevard,Nominee
William Hurt,Broadcast News,Nominee
William Hurt,A History of Violence,Nominee
William Hurt,Children of a Lesser God,Nominee
William Hurt,Kiss of the Spider Woman,Nominee
William Powell,My Man Godfrey,Nominee
William Powell,The Thin Man,Nominee
William Powell,Life with Father,Nominee
Woody Harrelson,The Messenger,Nominee
Woody Harrelson,The People vs Larry Flynt,Nominee
Woody Harrelson,"Three Billboards Outside Ebbing, Missouri",Nominee
Agnes Moorehead,The Magnificent Ambersons,Nominee
Agnes Moorehead,Mrs. Parkington,Nominee
Agnes Moorehead,Johnny Belinda,Nominee
Agnes Moorehead,"Hush... Hush, Sweet Charlotte",Nominee
Alice Brady,In Old Chicago,Nominee
Alice Brady,My Man Godfrey,Nominee
Amy Adams,Doubt,Nominee
Amy Adams,Vice,Nominee
Amy Adams,The Fighter,Nominee
Amy Adams,The Master,Nominee
Amy Adams,Junebug,Nominee
Amy Adams,American Hustle,Nominee
Angela Lansbury,The Picture of Dorian Gray,Nominee
Angela Lansbury,Gaslight,Nominee
Angela Lansbury,The Manchurian Candidate,Nominee
Angelina Jolie,"Girl, Interrupted",Nominee
Angelina Jolie,Changeling,Nominee
Anjelica Huston,The Grifters,Nominee
Anjelica Huston,"Enemies, A Love Story",Nominee
Anjelica Huston,Prizzi's Honor,Nominee
Ann-Margret,Carnal Knowledge,Nominee
Ann-Margret,Tommy,Nominee
Anna Magnani,Wild Is the Wind,Nominee
Anna Magnani,The Rose Tattoo,Nominee
Anne Bancroft,The Turning Point,Nominee
Anne Bancroft,The Graduate,Nominee
Anne Bancroft,The Pumpkin Eater,Nominee
Anne Bancroft,The Miracle Worker,Nominee
Anne Bancroft,Agnes of God,Nominee
Anne Baxter,All About Eve,Nominee
Anne Baxter,The Razor's Edge,Nominee
Anne Hathaway,Rachel Getting Married,Nominee
Anne Hathaway,Les Misérables,Nominee
Anne Revere,The Song of Bernadette,Nominee
Anne Revere,Gentleman's Agreement,Nominee
Anne Revere,National Velvet,Nominee
Annette Bening,Being Julia,Nominee
Annette Bening,The Grifters,Nominee
Annette Bening,American Beauty,Nominee
Annette Bening,The Kids Are All Right,Nominee
Audrey Hepburn,The Nun's Story,Nominee
Audrey Hepburn,Roman Holiday,Nominee
Audrey Hepburn,Breakfast at Tiffany's,Nominee
Audrey Hepburn,Wait Until Dark,Nominee
Audrey Hepburn,Sabrina,Nominee
Barbara Stanwyck,Ball of Fire,Nominee
Barbara Stanwyck,"Sorry, Wrong Number",Nominee
Barbara Stanwyck,Stella Dallas,Nominee
Barbara Stanwyck,Double Indemnity,Nominee
Barbra Streisand,The Way We Were,Nominee
Barbra Streisand,Funny Girl,Nominee
Bette Davis,The Star,Nominee
Bette Davis,Dark Victory,Nominee
Bette Davis,Mr. Skeffington,Nominee
Bette Davis,The Letter,Nominee
Bette Davis,Jezebel,Nominee
Bette Davis,Whatever Happened to Baby Jane?,Nominee
Bette Davis,All About Eve,Nominee
Bette Davis,Dangerous,Nominee
Bette Davis,The Little Foxes,Nominee
Bette Midler,The Rose,Nominee
Bette Midler,For the Boys,Nominee
Beulah Bondi,Of Human Hearts,Nominee
Beulah Bondi,The Gorgeous Hussy,Nominee
Brenda Blethyn,Secrets & Lies,Nominee
Brenda Blethyn,Little Voice,Nominee
Carey Mulligan,Promising Young Woman,Nominee
Carey Mulligan,An Education,Nominee
Cate Blanchett,Carol,Nominee
Cate Blanchett,I'm Not There,Nominee
Cate Blanchett,Notes on a Scandal,Nominee
Cate Blanchett,Elizabeth,Nominee
Cate Blanchett,Blue Jasmine,Nominee
Cate Blanchett,The Aviator,Nominee
Cate Blanchett,Elizabeth: The Golden Age,Nominee
Catherine Keener,Being John Malkovich,Nominee
Catherine Keener,Capote,Nominee
Celeste Holm,Gentleman's Agreement,Nominee
Celeste Holm,All About Eve,Nominee
Celeste Holm,Come to the Stable,Nominee
Charlize Theron,Monster,Nominee
Charlize Theron,North Country,Nominee
Charlize Theron,Bombshell,Nominee
Cher,Moonstruck,Nominee
Cher,Silkwood,Nominee
Claire Trevor,Dead End,Nominee
Claire Trevor,Key Largo,Nominee
Claire Trevor,The High and the Mighty,Nominee
Claudette Colbert,It Happened One Night,Nominee
Claudette Colbert,Since You Went Away,Nominee
Claudette Colbert,Private Worlds,Nominee
Deborah Kerr,Separate Tables,Nominee
Deborah Kerr,From Here to Eternity,Nominee
Deborah Kerr,The Sundowners,Nominee
Deborah Kerr,"Heaven Knows, Mr Allison",Nominee
Deborah Kerr,"Edward, My Son",Nominee
Deborah Kerr,The King and I,Nominee
Debra Winger,Shadowlands,Nominee
Debra Winger,An Officer and a Gentleman,Nominee
Debra Winger,Terms of Endearment,Nominee
Diane Keaton,Reds,Nominee
Diane Keaton,Something's Gotta Give,Nominee
Diane Keaton,Marvin's Room,Nominee
Diane Keaton,Annie Hall,Nominee
Diane Ladd,Alice Doesn't Live Here Anymore,Nominee
Diane Ladd,Rambling Rose,Nominee
Diane Ladd,Wild at Heart,Nominee
Dianne Wiest,Parenthood,Nominee
Dianne Wiest,Hannah and Her Sisters,Nominee
Dianne Wiest,Bullets over Broadway,Nominee
Dyan Cannon,Heaven Can Wait,Nominee
Dyan Cannon,Bob & Carol & Ted & Alice,Nominee
Edith Evans,Tom Jones,Nominee
Edith Evans,The Whisperers,Nominee
Edith Evans,The Chalk Garden,Nominee
Eileen Heckart,Butterflies Are Free,Nominee
Eileen Heckart,The Bad Seed,Nominee
Eleanor Parker,Interrupted Melody,Nominee
Eleanor Parker,Caged,Nominee
Eleanor Parker,Detective Story,Nominee
Elizabeth Taylor,BUtterfield 8,Nominee
Elizabeth Taylor,"Suddenly, Last Summer",Nominee
Elizabeth Taylor,Raintree County,Nominee
Elizabeth Taylor,Who's Afraid of Virginia Woolf?,Nominee
Elizabeth Taylor,Cat on a Hot Tin Roof,Nominee
Ellen Burstyn,The Exorcist,Nominee
Ellen Burstyn,"Same Time, Next Year",Nominee
Ellen Burstyn,The Last Picture Show,Nominee
Ellen Burstyn,Alice Doesn't Live Here Anymore,Nominee
Ellen Burstyn,Resurrection,Nominee
Ellen Burstyn,Requiem for a Dream,Nominee
Elsa Lanchester,Come to the Stable,Nominee
Elsa Lanchester,Witness for the Prosecution,Nominee
Emily Watson,Hilary and Jackie,Nominee
Emily Watson,Breaking the Waves,Nominee
Emma Stone,Birdman,Nominee
Emma Stone,The Favourite,Nominee
Emma Stone,La La Land,Nominee
Emma Thompson,Sense and Sensibility,Nominee
Emma Thompson,Howards End,Nominee
Emma Thompson,The Remains of the Day,Nominee
Emma Thompson,In the Name of the Father,Nominee
Estelle Parsons,"Rachel, Rachel",Nominee
Estelle Parsons,Bonnie and Clyde,Nominee
Ethel Barrymore,Pinky,Nominee
Ethel Barrymore,None But the Lonely Heart,Nominee
Ethel Barrymore,The Spiral Staircase,Nominee
Ethel Barrymore,The Paradine Case,Nominee
Fay Bainter,Jezebel,Nominee
Fay Bainter,White Banners,Nominee
Fay Bainter,The Children's Hour,Nominee
Faye Dunaway,Bonnie and Clyde,Nominee
Faye Dunaway,Chinatown,Nominee
Faye Dunaway,Network,Nominee
Frances McDormand,North Country,Nominee
Frances McDormand,Mississippi Burning,Nominee
Frances McDormand,Fargo,Nominee
Frances McDormand,"Three Billboards Outside Ebbing, Missouri",Nominee
Frances McDormand,Nomadland,Nominee
Frances McDormand,Almost Famous,Nominee
Gale Sondergaard,Anna and the King of Siam,Nominee
Gale Sondergaard,Anthony Adverse,Nominee
Geena Davis,The Accidental Tourist,Nominee
Geena Davis,Thelma & Louise,Nominee
Gena Rowlands,A Woman Under the Influence,Nominee
Gena Rowlands,Gloria,Nominee
Geraldine Page,Interiors,Nominee
Geraldine Page,Hondo,Nominee
Geraldine Page,Pete 'n' Tillie,Nominee
Geraldine Page,You're a Big Boy Now,Nominee
Geraldine Page,The Trip to Bountiful,Nominee
Geraldine Page,Summer and Smoke,Nominee
Geraldine Page,Sweet Bird of Youth,Nominee
Geraldine Page,The Pope of Greenwich Village,Nominee
Gladys Cooper,The Song of Bernadette,Nominee
Gladys Cooper,My Fair Lady,Nominee
Gladys Cooper,"Now, Voyager",Nominee
Glenda Jackson,Hedda,Nominee
Glenda Jackson,"Sunday, Bloody Sunday",Nominee
Glenda Jackson,A Touch of Class,Nominee
Glenda Jackson,Women in Love,Nominee
Glenn Close,Hillbilly Elegy,Nominee
Glenn Close,The World According to Garp,Nominee
Glenn Close,Dangerous Liaisons,Nominee
Glenn Close,Albert Nobbs,Nominee
Glenn Close,The Natural,Nominee
Glenn Close,The Big Chill,Nominee
Glenn Close,The Wife,Nominee
Glenn Close,Fatal Attraction,Nominee
Gloria Grahame,Crossfire,Nominee
Gloria Grahame,The Bad and the Beautiful,Nominee
Gloria Swanson,The Trespasser,Nominee
Gloria Swanson,Sadie Thompson,Nominee
Gloria Swanson,Sunset Boulevard,Nominee
Goldie Hawn,Private Benjamin,Nominee
Goldie Hawn,Cactus Flower,Nominee
Grace Kelly,The Country Girl,Nominee
Grace Kelly,Mogambo,Nominee
Greer Garson,"Goodbye, Mr. Chips",Nominee
Greer Garson,Madame Curie,Nominee
Greer Garson,Blossoms in the Dust,Nominee
Greer Garson,Mrs. Miniver,Nominee
Greer Garson,Sunrise at Campobello,Nominee
Greer Garson,Mrs. Parkington,Nominee
Greer Garson,The Valley of Decision,Nominee
Greta Garbo,Ninotchka,Nominee
Greta Garbo,Anna Christie / Romance,Nominee
Greta Garbo,Camille,Nominee
Helen Hayes,Airport,Nominee
Helen Hayes,The Sin of Madelon Claudet,Nominee
Helen Hunt,As Good as It Gets,Nominee
Helen Hunt,The Sessions,Nominee
Helen Mirren,Gosford Park,Nominee
Helen Mirren,The Last Station,Nominee
Helen Mirren,The Madness of King George,Nominee
Helen Mirren,The Queen,Nominee
Helena Bonham Carter,The Wings of the Dove,Nominee
Helena Bonham Carter,The King's Speech,Nominee
Hilary Swank,Million Dollar Baby,Nominee
Hilary Swank,Boys Don't Cry,Nominee
Holly Hunter,Thirteen,Nominee
Holly Hunter,Broadcast News,Nominee
Holly Hunter,The Firm,Nominee
Holly Hunter,The Piano,Nominee
Ingrid Bergman,Autumn Sonata,Nominee
Ingrid Bergman,Gaslight,Nominee
Ingrid Bergman,For Whom the Bell Tolls,Nominee
Ingrid Bergman,Murder on the Orient Express,Nominee
Ingrid Bergman,The Bells of St. Mary's,Nominee
Ingrid Bergman,Anastasia,Nominee
Ingrid Bergman,Joan of Arc,Nominee
Irene Dunne,The Awful Truth,Nominee
Irene Dunne,Love Affair,Nominee
Irene Dunne,Cimarron,Nominee
Irene Dunne,I Remember Mama,Nominee
Irene Dunne,Theodora Goes Wild,Nominee
Isabelle Adjani,The Story of Adele H.,Nominee
Isabelle Adjani,Camille Claudel,Nominee
Jacki Weaver,Silver Linings Playbook,Nominee
Jacki Weaver,Animal Kingdom,Nominee
Jane Alexander,All the President's Men,Nominee
Jane Alexander,Testament,Nominee
Jane Alexander,The Great White Hope,Nominee
Jane Alexander,Kramer vs. Kramer,Nominee
Jane Fonda,On Golden Pond,Nominee
Jane Fonda,The Morning After,Nominee
Jane Fonda,"They Shoot Horses, Don't They?",Nominee
Jane Fonda,Klute,Nominee
Jane Fonda,The China Syndrome,Nominee
Jane Fonda,Julia,Nominee
Jane Fonda,Coming Home,Nominee
Jane Wyman,Johnny Belinda,Nominee
Jane Wyman,The Blue Veil,Nominee
Jane Wyman,The Yearling,Nominee
Jane Wyman,Magnificent Obsession,Nominee
Janet Gaynor,A Star Is Born,Nominee
Janet Gaynor,7th Heaven / Street Angel / Sunrise: A Song of Two Humans,Nominee
Janet McTeer,Tumbleweeds,Nominee
Janet McTeer,Albert Nobbs,Nominee
Jean Simmons,Hamlet,Nominee
Jean Simmons,The Happy Ending,Nominee
Jennifer Jones,Duel in the Sun,Nominee
Jennifer Jones,Love Letters,Nominee
Jennifer Jones,Since You Went Away,Nominee
Jennifer Jones,Love Is a Many-Splendored Thing,Nominee
Jennifer Jones,The Song of Bernadette,Nominee
Jennifer Lawrence,American Hustle,Nominee
Jennifer Lawrence,Winter's Bone,Nominee
Jennifer Lawrence,Joy,Nominee
Jennifer Lawrence,Silver Linings Playbook,Nominee
Jessica Chastain,The Help,Nominee
Jessica Chastain,Zero Dark Thirty,Nominee
Jessica Chastain,The Eyes of Tammy Faye,Nominee
Jessica Lange,Country,Nominee
Jessica Lange,Sweet Dreams,Nominee
Jessica Lange,Music Box,Nominee
Jessica Lange,Blue Sky,Nominee
Jessica Lange,Tootsie,Nominee
Jessica Lange,Frances,Nominee
Jessica Tandy,Driving Miss Daisy,Nominee
Jessica Tandy,Fried Green Tomatoes,Nominee
Jill Clayburgh,An Unmarried Woman,Nominee
Jill Clayburgh,Starting Over,Nominee
Joan Allen,The Crucible,Nominee
Joan Allen,Nixon,Nominee
Joan Allen,The Contender,Nominee
Joan Crawford,Sudden Fear,Nominee
Joan Crawford,Mildred Pierce,Nominee
Joan Crawford,Possessed,Nominee
Joan Cusack,In & Out,Nominee
Joan Cusack,Working Girl,Nominee
Joan Fontaine,Rebecca,Nominee
Joan Fontaine,Suspicion,Nominee
Joan Fontaine,The Constant Nymph,Nominee
Joanne Woodward,Mr. and Mrs. Bridge,Nominee
Joanne Woodward,"Summer Wishes, Winter Dreams",Nominee
Joanne Woodward,"Rachel, Rachel",Nominee
Joanne Woodward,The Three Faces of Eve,Nominee
Jodie Foster,Taxi Driver,Nominee
Jodie Foster,The Accused,Nominee
Jodie Foster,The Silence of the Lambs,Nominee
Jodie Foster,Nell,Nominee
Joyce Redman,Othello,Nominee
Joyce Redman,Tom Jones,Nominee
Judi Dench,Mrs Brown,Nominee
Judi Dench,Notes on a Scandal,Nominee
Judi Dench,Shakespeare in Love,Nominee
Judi Dench,Philomena,Nominee
Judi Dench,Chocolat,Nominee
Judi Dench,Belfast,Nominee
Judi Dench,Mrs Henderson Presents,Nominee
Judi Dench,Iris,Nominee
Judy Davis,A Passage to India,Nominee
Judy Davis,Husbands and Wives,Nominee
Judy Garland,A Star Is Born,Nominee
Judy Garland,Judgment at Nuremberg,Nominee
Julia Roberts,August: Osage County,Nominee
Julia Roberts,Erin Brockovich,Nominee
Julia Roberts,Pretty Woman,Nominee
Julia Roberts,Steel Magnolias,Nominee
Julianne Moore,Boogie Nights,Nominee
Julianne Moore,The Hours,Nominee
Julianne Moore,Still Alice,Nominee
Julianne Moore,The End of the Affair,Nominee
Julianne Moore,Far From Heaven,Nominee
Julie Andrews,Mary Poppins,Nominee
Julie Andrews,Victor Victoria,Nominee
Julie Andrews,The Sound of Music,Nominee
Julie Christie,McCabe & Mrs. Miller,Nominee
Julie Christie,Afterglow,Nominee
Julie Christie,Away from Her,Nominee
Julie Christie,Darling,Nominee
Julie Walters,Educating Rita,Nominee
Julie Walters,Billy Elliot,Nominee
Juliette Binoche,The English Patient,Nominee
Juliette Binoche,Chocolat,Nominee
Kate Winslet,Iris,Nominee
Kate Winslet,Sense and Sensibility,Nominee
Kate Winslet,The Reader,Nominee
Kate Winslet,Little Children,Nominee
Kate Winslet,Titanic,Nominee
Kate Winslet,Eternal Sunshine of the Spotless Mind,Nominee
Kate Winslet,Steve Jobs,Nominee
Katharine Hepburn,"Suddenly, Last Summer",Nominee
Katharine Hepburn,On Golden Pond,Nominee
Katharine Hepburn,Alice Adams,Nominee
Katharine Hepburn,The Lion in Winter,Nominee
Katharine Hepburn,Woman of the Year,Nominee
Katharine Hepburn,Guess Who's Coming to Dinner,Nominee
Katharine Hepburn,Long Day's Journey into Night,Nominee
Katharine Hepburn,The Philadelphia Story,Nominee
Katharine Hepburn,The African Queen,Nominee
Katharine Hepburn,Summertime,Nominee
Katharine Hepburn,The Rainmaker,Nominee
Katharine Hepburn,Morning Glory,Nominee
Kathy Bates,Primary Colors,Nominee
Kathy Bates,Misery,Nominee
Kathy Bates,About Schmidt,Nominee
Kathy Bates,Richard Jewell,Nominee
Keira Knightley,The Imitation Game,Nominee
Keira Knightley,Pride & Prejudice,Nominee
Kim Stanley,Séance on a Wet Afternoon,Nominee
Kim Stanley,Frances,Nominee
Laura Dern,Rambling Rose,Nominee
Laura Dern,Wild,Nominee
Laura Dern,Marriage Story,Nominee
Laura Linney,Kinsey,Nominee
Laura Linney,The Savages,Nominee
Laura Linney,You Can Count on Me,Nominee
Lee Grant,Shampoo,Nominee
Lee Grant,The Landlord,Nominee
Lee Grant,Detective Story,Nominee
Lee Grant,Voyage of the Damned,Nominee
Leslie Caron,The L-Shaped Room,Nominee
Leslie Caron,Lili,Nominee
Liv Ullmann,The Emigrants,Nominee
Liv Ullmann,Face to Face,Nominee
Liza Minnelli,The Sterile Cuckoo,Nominee
Liza Minnelli,Cabaret,Nominee
Loretta Young,The Farmer's Daughter,Nominee
Loretta Young,Come to the Stable,Nominee
Luise Rainer,The Good Earth,Nominee
Luise Rainer,The Great Ziegfeld,Nominee
Lynn Redgrave,Georgy Girl,Nominee
Lynn Redgrave,Gods and Monsters,Nominee
Madeline Kahn,Paper Moon,Nominee
Madeline Kahn,Blazing Saddles,Nominee
Maggie Smith,The Prime of Miss Jean Brodie,Nominee
Maggie Smith,Travels with My Aunt,Nominee
Maggie Smith,Gosford Park,Nominee
Maggie Smith,A Room with a View,Nominee
Maggie Smith,Othello,Nominee
Maggie Smith,California Suite,Nominee
Marcia Gay Harden,Mystic River,Nominee
Marcia Gay Harden,Pollock,Nominee
Margot Robbie,Bombshell,Nominee
Margot Robbie,I Tonya,Nominee
Maria Ouspenskaya,Love Affair,Nominee
Maria Ouspenskaya,Dodsworth,Nominee
Marie Dressler,Emma,Nominee
Marie Dressler,Min and Bill,Nominee
Marion Cotillard,La Vie en Rose,Nominee
Marion Cotillard,"Two Days, One Night",Nominee
Marisa Tomei,In the Bedroom,Nominee
Marisa Tomei,The Wrestler,Nominee
Marisa Tomei,My Cousin Vinny,Nominee
Marjorie Rambeau,Torch Song,Nominee
Marjorie Rambeau,Primrose Path,Nominee
Marsha Mason,The Goodbye Girl,Nominee
Marsha Mason,Cinderella Liberty,Nominee
Marsha Mason,Only When I Laugh,Nominee
Marsha Mason,Chapter Two,Nominee
Mary McDonnell,Dances with Wolves,Nominee
Mary McDonnell,Passion Fish,Nominee
Maureen Stapleton,Interiors,Nominee
Maureen Stapleton,Lonelyhearts,Nominee
Maureen Stapleton,Airport,Nominee
Maureen Stapleton,Reds,Nominee
May Whitty,Night Must Fall,Nominee
May Whitty,Mrs. Miniver,Nominee
Melinda Dillon,Close Encounters of the Third Kind,Nominee
Melinda Dillon,Absence of Malice,Nominee
Melissa Leo,The Fighter,Nominee
Melissa Leo,Frozen River,Nominee
Melissa McCarthy,Can You Ever Forgive Me?,Nominee
Melissa McCarthy,Bridesmaids,Nominee
Mercedes McCambridge,Giant,Nominee
Mercedes McCambridge,All the King's Men,Nominee
Meryl Streep,Postcards from the Edge,Nominee
Meryl Streep,Ironweed,Nominee
Meryl Streep,One True Thing,Nominee
Meryl Streep,Florence Foster Jenkins,Nominee
Meryl Streep,Sophie's Choice,Nominee
Meryl Streep,The Bridges of Madison County,Nominee
Meryl Streep,Music of the Heart,Nominee
Meryl Streep,Adaptation,Nominee
Meryl Streep,August: Osage County,Nominee
Meryl Streep,Into the Woods,Nominee
Meryl Streep,The Iron Lady,Nominee
Meryl Streep,Out of Africa,Nominee
Meryl Streep,A Cry in the Dark,Nominee
Meryl Streep,Silkwood,Nominee
Meryl Streep,The Devil Wears Prada,Nominee
Meryl Streep,The Post,Nominee
Meryl Streep,The Deer Hunter,Nominee
Meryl Streep,Doubt,Nominee
Meryl Streep,Kramer vs. Kramer,Nominee
Meryl Streep,The French Lieutenant's Woman,Nominee
Meryl Streep,Julie and Julia,Nominee
Michelle Pfeiffer,The Fabulous Baker Boys,Nominee
Michelle Pfeiffer,Love Field,Nominee
Michelle Pfeiffer,Dangerous Liaisons,Nominee
Michelle Williams,Manchester by the Sea,Nominee
Michelle Williams,Blue Valentine,Nominee
Michelle Williams,My Week with Marilyn,Nominee
Michelle Williams,Brokeback Mountain,Nominee
Mildred Dunnock,Baby Doll,Nominee
Mildred Dunnock,Death of a Salesman,Nominee
Miranda Richardson,Damage,Nominee
Miranda Richardson,Tom & Viv,Nominee
Naomi Watts,21 Grams,Nominee
Naomi Watts,The Impossible,Nominee
Natalie Portman,Closer,Nominee
Natalie Portman,Black Swan,Nominee
Natalie Portman,Jackie,Nominee
Natalie Wood,Rebel Without a Cause,Nominee
Natalie Wood,Splendor in the Grass,Nominee
Natalie Wood,Love with the Proper Stranger,Nominee
Nicole Kidman,Lion,Nominee
Nicole Kidman,Being the Ricardos,Nominee
Nicole Kidman,Moulin Rouge!,Nominee
Nicole Kidman,The Hours,Nominee
Nicole Kidman,Rabbit Hole,Nominee
Norma Shearer,Marie Antoinette,Nominee
Norma Shearer,The Barretts of Wimpole Street,Nominee
Norma Shearer,Romeo and Juliet,Nominee
Norma Shearer,A Free Soul,Nominee
Norma Shearer,The Divorcee / Their Own Desire,Nominee
Octavia Spencer,The Help,Nominee
Octavia Spencer,Hidden Figures,Nominee
Octavia Spencer,The Shape of Water,Nominee
Olivia Colman,The Lost Daughter,Nominee
Olivia Colman,The Favourite,Nominee
Olivia Colman,The Father,Nominee
Olivia de Havilland,Hold Back the Dawn,Nominee
Olivia de Havilland,The Heiress,Nominee
Olivia de Havilland,The Snake Pit,Nominee
Olivia de Havilland,Gone with the Wind,Nominee
Olivia de Havilland,To Each His Own,Nominee
Patricia Neal,The Subject Was Roses,Nominee
Patricia Neal,Hud,Nominee
Penelope Cruz,Parallel Mothers,Nominee
Penelope Cruz,Nine,Nominee
Penelope Cruz,Volver,Nominee
Penelope Cruz,Vicky Cristina Barcelona,Nominee
Piper Laurie,The Hustler,Nominee
Piper Laurie,Children of a Lesser God,Nominee
Piper Laurie,Carrie,Nominee
Rachel Weisz,The Constant Gardener,Nominee
Rachel Weisz,The Favourite,Nominee
Reese Witherspoon,Wild,Nominee
Reese Witherspoon,Walk the Line,Nominee
Renée Zellweger,Judy,Nominee
Renée Zellweger,Cold Mountain,Nominee
Renée Zellweger,Bridget Jones' Diary,Nominee
Renée Zellweger,Chicago,Nominee
Rooney Mara,The Girl with the Dragon Tattoo,Nominee
Rooney Mara,Carol,Nominee
Rosalind Russell,My Sister Eileen,Nominee
Rosalind Russell,Auntie Mame,Nominee
Rosalind Russell,Mourning Becomes Electra,Nominee
Rosalind Russell,Sister Kenny,Nominee
Ruth Chatterton,Sarah and Son,Nominee
Ruth Chatterton,Madame X,Nominee
Ruth Gordon,Rosemary's Baby,Nominee
Ruth Gordon,Inside Daisy Clover,Nominee
Sally Field,Lincoln,Nominee
Sally Field,Places in the Heart,Nominee
Sally Field,Norma Rae,Nominee
Sally Hawkins,Blue Jasmine,Nominee
Sally Hawkins,The Shape of Water,Nominee
Samantha Morton,In America,Nominee
Samantha Morton,Sweet and Lowdown,Nominee
Sandra Bullock,The Blind Side,Nominee
Sandra Bullock,Gravity,Nominee
Saoirse Ronan,Brooklyn,Nominee
Saoirse Ronan,Little Women,Nominee
Saoirse Ronan,Lady Bird,Nominee
Saoirse Ronan,Atonement,Nominee
Scarlett Johansson,Marriage Story,Nominee
Scarlett Johansson,Jojo Rabbit,Nominee
Shelley Winters,The Poseidon Adventure,Nominee
Shelley Winters,A Place in the Sun,Nominee
Shelley Winters,A Patch of Blue,Nominee
Shelley Winters,The Diary of Anne Frank,Nominee
Shirley Knight,Sweet Bird of Youth,Nominee
Shirley Knight,The Dark at the Top of the Stairs,Nominee
Shirley MacLaine,Some Came Running,Nominee
Shirley MacLaine,Terms of Endearment,Nominee
Shirley MacLaine,The Turning Point,Nominee
Shirley MacLaine,Irma la Douce,Nominee
Shirley MacLaine,The Apartment,Nominee
Sigourney Weaver,Gorillas in the Mist,Nominee
Sigourney Weaver,Working Girl,Nominee
Sigourney Weaver,Aliens,Nominee
Simone Signoret,Room at the Top,Nominee
Simone Signoret,Ship of Fools,Nominee
Sissy Spacek,Coal Miner's Daughter,Nominee
Sissy Spacek,In the Bedroom,Nominee
Sissy Spacek,Missing,Nominee
Sissy Spacek,The River,Nominee
Sissy Spacek,Crimes of the Heart,Nominee
Sissy Spacek,Carrie,Nominee
Sophia Loren,Two Women,Nominee
Sophia Loren,Marriage Italian Style,Nominee
Susan Hayward,"Smash-Up, the Story of a Woman",Nominee
Susan Hayward,I'll Cry Tomorrow,Nominee
Susan Hayward,With a Song in My Heart,Nominee
Susan Hayward,I Want to Live!,Nominee
Susan Hayward,My Foolish Heart,Nominee
Susan Sarandon,Lorenzo's Oil,Nominee
Susan Sarandon,Thelma & Louise,Nominee
Susan Sarandon,Dead Man Walking,Nominee
Susan Sarandon,The Client,Nominee
Susan Sarandon,Atlantic City,Nominee
Sylvia Miles,"Farewell, My Lovely",Nominee
Sylvia Miles,Midnight Cowboy,Nominee
Talia Shire,Rocky,Nominee
Talia Shire,The Godfather Part II,Nominee
Teresa Wright,Mrs. Miniver,Nominee
Teresa Wright,The Little Foxes,Nominee
Teresa Wright,The Pride of the Yankees,Nominee
Thelma Ritter,Pillow Talk,Nominee
Thelma Ritter,With a Song in My Heart,Nominee
Thelma Ritter,Birdman of Alcatraz,Nominee
Thelma Ritter,All About Eve,Nominee
Thelma Ritter,Pickup on South Street,Nominee
Thelma Ritter,The Mating Season,Nominee
Vanessa Redgrave,Isadora,Nominee
Vanessa Redgrave,Howards End,Nominee
Vanessa Redgrave,Morgan: A Suitable Case for Treatment,Nominee
Vanessa Redgrave,Julia,Nominee
Vanessa Redgrave,The Bostonians,Nominee
Vanessa Redgrave,"Mary, Queen of Scots",Nominee
Viola Davis,Fences,Nominee
Viola Davis,The Help,Nominee
Viola Davis,Ma Rainey's Black Bottom,Nominee
Viola Davis,Doubt,Nominee
Vivien Leigh,Gone with the Wind,Nominee
Vivien Leigh,A Streetcar Named Desire,Nominee
Wendy Hiller,Pygmalion,Nominee
Wendy Hiller,Separate Tables,Nominee
Wendy Hiller,A Man for All Seasons,Nominee
Whoopi Goldberg,The Color Purple,Nominee
Whoopi Goldberg,Ghost,Nominee
Winona Ryder,Little Women,Nominee
Winona Ryder,The Age of Innocence,Nominee
